#,Équipe,Pts,J,DIF,G,N,D,BP,BC,Année
3,M'gladbach,66,34,+27,19,9,6,53,26,2014-2015
4,M'gladbach,55,34,+17,17,4,13,67,50,2015-2016
9,M'gladbach,45,34,-4,12,9,13,45,49,2016-2017
9,M'gladbach,47,34,-5,13,8,13,47,52,2017-2018
5,M'gladbach,55,34,+13,16,7,11,55,42,2018-2019
4,M'gladbach,65,34,+26,20,5,9,66,40,2019-2020
8,M'gladbach,49,34,+8,13,10,11,64,56,2020-2021
10,M'gladbach,45,34,-7,12,9,13,54,61,2021-2022
10,M'gladbach,43,34,-3,11,10,13,52,55,2022-2023
14,M'gladbach,34,34,-11,7,13,14,56,67,2023-2024
10,M'gladbach,45,34,-2,13,6,15,55,57,2024-2025
