nom_equipe,pays_equipe,nb_matchs_joues,nb_victoires,nb_matchs_nuls,nb_defaites,nb_tirs,nb_tirs_cadrees,nb_tirs_non_cadrees,nb_tirs_bloquees
Liverpool,Angleterre,13,10,1,2,222,81,78,63
Real Madrid,Espagne,13,9,0,4,179,69,62,48
Man City,Angleterre,12,7,2,3,193,68,59,66
Villarreal,Espagne,12,5,3,4,115,45,45,25
Bayern München,Allemagne,10,7,2,1,192,70,76,46
Chelsea,Angleterre,10,7,1,2,167,57,63,47
Benfica,Portugal,10,3,4,3,91,35,36,20
Atleti,Espagne,10,3,3,4,96,27,47,22
Ajax,Pays-Bas,8,6,1,1,130,52,51,27
Juventus,Italie,8,5,1,2,105,37,54,14
Paris,France,8,4,2,2,92,39,31,22
Inter,Italie,8,4,1,3,133,40,58,35
Man Utd,Angleterre,8,3,3,2,88,40,29,19
Lille,France,8,3,2,3,90,22,37,31
Salzburg,Autriche,8,3,2,3,89,37,27,25
Sporting CP,Portugal,8,3,1,4,79,31,31,17
B. Dortmund,Allemagne,6,3,0,3,84,29,34,21
Sheriff,Moldavie,6,2,1,3,54,20,24,10
Barcelona,Espagne,6,2,1,3,60,11,29,20
Leipzig,Allemagne,6,2,1,3,88,34,31,23
Atalanta,Italie,6,1,3,2,81,30,28,23
Sevilla,Espagne,6,1,3,2,71,23,31,17
Wolfsburg,Allemagne,6,1,2,3,44,11,22,11
Zenit,Russie,6,1,2,3,80,27,29,24
Porto,Portugal,6,1,2,3,63,18,27,18
Young Boys,Suisse,6,1,2,3,82,25,40,17
Milan,Italie,6,1,1,4,48,16,23,9
Club Brugge,Belgique,6,1,1,4,59,24,18,17
Shakhtar,Ukraine,6,0,2,4,81,21,37,23
Dynamo Kyiv,Ukraine,6,0,1,5,47,16,18,13
Malmö,Suède,6,0,1,5,35,7,22,6
Beşiktaş,Turquie,6,0,0,6,49,12,27,10
